Filename,General Tool Name
1_25_ct_roll_on_connector_for_standard_coiled_tubing_1.jpg,1 25 ct
1_25_ct_roll_on_connector_for_standard_coiled_tubing_2.jpg,1 25 ct
1_25_ct_roll_on_connector_for_standard_coiled_tubing.jpg,1 25 ct
1_5_ct_straight_joint_coiled_tubing_tools_200kn_35mpa.jpg,1 5 ct
1_5_inch_unlatching_wireline_pressure_gauge_hanger_for_downhole_1.jpg,1 5 inch
1_5_inch_unlatching_wireline_pressure_gauge_hanger_for_downhole.jpg,1 5 inch
1_5_inch_wireline_swivel_joint_wireline_tool_string.jpg,1 5 inch
1_5_inch_wireline_swivel_joint_wireline_tool_string_1.jpg,1 5 inch
1_5_inch_supported_roller_centralizer_wireline_tool_string_1.jpg,1 5 inch
1_5_inch_wireline_swivel_joint_wireline_tool_string_2.jpg,1 5 inch
1_5_inch_r_type_pulling_tool_wireline_pulling_tool.jpg,1 5 inch
1_5_inch_supported_roller_centralizer_wireline_tool_string_3.jpg,1 5 inch
1_5_inch_supported_roller_centralizer_wireline_tool_string_2.jpg,1 5 inch
1_5_inch_slickline_sample_bailer_sand_pump_bailer_alloy_steel.jpg,1 5 inch
1_5_inch_supported_roller_centralizer_wireline_tool_string.jpg,1 5 inch
1_5_inch_slickline_sample_bailer_sand_pump_bailer_alloy_steel_1.jpg,1 5 inch
1_5inch_wireline_releasable_rope_socket_wireline_slickline_tool_string.jpg,1 5inch wireline
1_5inch_wireline_releasable_rope_socket_wireline_slickline_tool_string_1.jpg,1 5inch wireline
1_5inch_wireline_tool_string_crossover_sr_qls_hdqrj_connection.jpg,1 5inch wireline
1_5inch_wireline_releasable_rope_socket_wireline_slickline_tool_string_2.jpg,1 5inch wireline
1_75_inch_unlatching_tool_wireline_pressure_gauge_hanger_api_2.jpg,1 75 inch
1_75_inch_unlatching_tool_wireline_pressure_gauge_hanger_api_1.jpg,1 75 inch
1_75_inch_unlatching_tool_wireline_pressure_gauge_hanger_api.jpg,1 75 inch
1_75inch_wireline_heavy_duty_knuckle_joint_slickline_tool_string.jpg,1 75inch wireline
1_75inch_wireline_heavy_duty_knuckle_joint_slickline_tool_string_1.jpg,1 75inch wireline
1_875_inch_alloy_steel_wireline_tool_string_jar_for_upward_jarring_1.jpg,1 875 inch
1_875_inch_wireline_running_tool_api_r_running_tool_for_slickline.jpg,1 875 inch
1_875_inch_nickel_alloy_wireline_tubing_broach_for_remove_rust_1.jpg,1 875 inch
1_875_inch_alloy_steel_wireline_tool_string_jar_for_upward_jarring.jpg,1 875 inch
1_875_inch_nickel_alloy_wireline_tubing_broach_for_remove_rust.jpg,1 875 inch
1_875_inch_nickel_alloy_wireline_tubing_broach_for_remove_rust_2.jpg,1 875 inch
1_875_inch_wireline_fishing_tool_downhole_wires_cutting.jpg,1 875 inch
1_875_inch_alloy_steel_wireline_tool_string_jar_for_upward_jarring_2.jpg,1 875 inch
1_875_inch_wireline_fishing_tool_downhole_wires_cutting_1.jpg,1 875 inch
1_875_inch_wireline_fishing_tool_downhole_wires_cutting_2.jpg,1 875 inch
1_875_inch_wireline_spring_centralizer_wireline_tool_string.jpg,1 875 inch
10000_psi_15000_psi_hydraulic_slickline_stuffing_box_wireline_tools.jpg,10000 psi 15000
10000_psi_15000_psi_hydraulic_slickline_stuffing_box_wireline_tools_1.jpg,10000 psi 15000
105mpa_chemical_injection_valve_injection_sub_wireline_pressure_control_equipment_9.jpg,105mpa chemical injection
105mpa_chemical_injection_valve_injection_sub_wireline_pressure_control_equipment_7.jpg,105mpa chemical injection
105mpa_chemical_injection_valve_injection_sub_wireline_pressure_control_equipment_6.jpg,105mpa chemical injection
105mpa_chemical_injection_valve_injection_sub_wireline_pressure_control_equipment.jpg,105mpa chemical injection
105mpa_chemical_injection_valve_injection_sub_wireline_pressure_control_equipment_8.jpg,105mpa chemical injection
105mpa_chemical_injection_valve_injection_sub_wireline_pressure_control_equipment_2.jpg,105mpa chemical injection
105mpa_chemical_injection_valve_injection_sub_wireline_pressure_control_equipment_4.jpg,105mpa chemical injection
105mpa_chemical_injection_valve_injection_sub_wireline_pressure_control_equipment_3.jpg,105mpa chemical injection
105mpa_chemical_injection_valve_injection_sub_wireline_pressure_control_equipment_5.jpg,105mpa chemical injection
105mpa_chemical_injection_valve_injection_sub_wireline_pressure_control_equipment_1.jpg,105mpa chemical injection
10k_15k_quick_test_sub_wireline_pressure_control_equipment.jpg,10k 15k quick
10k_wireline_pressure_control_equipment_alloy_steel_wellhead_flange_2_5_inch.jpg,10k wireline pressure
10k_wireline_pressure_control_equipment_alloy_steel_wellhead_flange_2_5_inch_2.jpg,10k wireline pressure
10k_wireline_pressure_control_equipment_alloy_steel_wellhead_flange_2_5_inch_1.jpg,10k wireline pressure
15_16un_2_inch_rs_type_wireline_pulling_tool_alloy_steel.jpg,15 16un 2
15000psi_2_5_6_3_8_triple_hydraulic_bop_blowout_preventer_wireline_pressure_control_equipment_3.jpg,15000psi 2 5
15000psi_2_5_6_3_8_triple_hydraulic_bop_blowout_preventer_wireline_pressure_control_equipment.jpg,15000psi 2 5
15000psi_2_5_6_3_8_triple_hydraulic_bop_blowout_preventer_wireline_pressure_control_equipment_1.jpg,15000psi 2 5
15000psi_2_5_6_3_8_triple_hydraulic_bop_blowout_preventer_wireline_pressure_control_equipment_7.jpg,15000psi 2 5
15000psi_2_5_6_3_8_triple_hydraulic_bop_blowout_preventer_wireline_pressure_control_equipment_9.jpg,15000psi 2 5
15000psi_2_5_6_3_8_triple_hydraulic_bop_blowout_preventer_wireline_pressure_control_equipment_6.jpg,15000psi 2 5
15000psi_2_5_6_3_8_triple_hydraulic_bop_blowout_preventer_wireline_pressure_control_equipment_4.jpg,15000psi 2 5
15000psi_2_5_6_3_8_triple_hydraulic_bop_blowout_preventer_wireline_pressure_control_equipment_2.jpg,15000psi 2 5
15000psi_2_5_6_3_8_triple_hydraulic_bop_blowout_preventer_wireline_pressure_control_equipment_8.jpg,15000psi 2 5
15000psi_2_5_6_3_8_triple_hydraulic_bop_blowout_preventer_wireline_pressure_control_equipment_5.jpg,15000psi 2 5
16_inch_hay_pulley_wireline_pressure_control_equipment_for_well_intervention.jpg,16 inch hay
16_inch_hydraulic_wireline_stuffing_box_well_intervention_1.jpg,16 inch hydraulic
16_inch_hydraulic_wireline_stuffing_box_well_intervention.jpg,16 inch hydraulic
160mm_length_steel_pear_drop_rope_socket_wireline_for_industrial.jpg,160mm length steel
16un_wireline_fishing_tool_steel_wire_recovery_cylinder.jpg,16un wireline fishing
2_125_inch_alloy_steel_wireline_tool_string_jar_for_upward_jarring.jpg,2 125 inch
2_25_inch_n_test_tool_running_tools_wireline_tools_lock_mandrel.jpg,2 25 inch
2_25_inch_wireline_tool_string_nickel_alloy_slickline_wireline_swivel_joint_1.jpg,2 25 inch
2_25_inch_fb_2_check_valve_wireline_lock_mandrel_equalizing_running_tool_2.jpg,2 25 inch
2_25_inch_coiled_tubing_tools_ct_flow_activated_heavy_duty_pulling_tool_3.jpg,2 25 inch
2_25_inch_fb_2_check_valve_wireline_lock_mandrel_equalizing_running_tool.jpg,2 25 inch
2_25_inch_coiled_tubing_tools_ct_flow_activated_heavy_duty_pulling_tool.jpg,2 25 inch
2_25_inch_wireline_tool_string_nickel_alloy_slickline_wireline_swivel_joint.jpg,2 25 inch
2_25_inch_n_test_tool_running_tools_wireline_tools_lock_mandrel_6.jpg,2 25 inch
2_25_inch_coiled_tubing_tools_ct_flow_activated_heavy_duty_pulling_tool_1.jpg,2 25 inch
2_25_inch_n_test_tool_running_tools_wireline_tools_lock_mandrel_2.jpg,2 25 inch
2_25_inch_n_test_tool_running_tools_wireline_tools_lock_mandrel_1.jpg,2 25 inch
2_25_inch_n_test_tool_running_tools_wireline_tools_lock_mandrel_3.jpg,2 25 inch
2_25_inch_n_test_tool_running_tools_wireline_tools_lock_mandrel_4.jpg,2 25 inch
2_25_inch_fb_2_check_valve_wireline_lock_mandrel_equalizing_running_tool_1.jpg,2 25 inch
2_25_inch_coiled_tubing_tools_ct_flow_activated_heavy_duty_pulling_tool_2.jpg,2 25 inch
2_25_inch_n_test_tool_running_tools_wireline_tools_lock_mandrel_5.jpg,2 25 inch
2_313_inch_wireline_pressure_gauge_hanger_for_downhole.jpg,2 313 inch
2_5_bop_slickline_pressure_control_equipment_manual_single_ram.jpg,2 5 bop
2_5_ct_pump_opening_joint_coiled_tubing_tools_for_downhole_string_1.jpg,2 5 ct
2_5_ct_pump_opening_joint_coiled_tubing_tools_for_downhole_string_2.jpg,2 5 ct
2_5_ct_pump_opening_joint_coiled_tubing_tools_for_downhole_string.jpg,2 5 ct
2_5_ct_pump_opening_joint_coiled_tubing_tools_for_downhole_string_3.jpg,2 5 ct
2_5_inch_roller_centralizer_slickline_equipment_blqj_connection.jpg,2 5 inch
2_5_inch_thin_walled_wire_finder_slickline_pulling_tools_smooth_fishing_1.jpg,2 5 inch
2_5_inch_wireline_brush_gauge_cutter_wireline_nickel_alloy_material.jpg,2 5 inch
2_5_inch_roller_ball_knuckle_joint_wireline_tool_string_for_gyroscopes_1.jpg,2 5 inch
2_5_inch_alloy_wireline_downhole_instrument_hangers_shock_absorber.jpg,2 5 inch
2_5_inch_roller_ball_knuckle_joint_wireline_tool_string_for_gyroscopes.jpg,2 5 inch
2_5_inch_wireline_releasable_overshot_wireline_fishing_tool.jpg,2 5 inch
2_5_inch_thin_walled_wire_finder_slickline_pulling_tools_smooth_fishing.jpg,2 5 inch
2_5_inch_breech_lock_quick_joint_wireline_tool_string.jpg,2 5 inch
2_5_swab_tool_nickel_alloy_material_wireline_tool_string_standard.jpg,2 5 swab
2_5_wireline_pulling_tool_gr_pulling_tool_sr_connection.jpg,2 5 wireline
2_5inch_wireline_releasable_overshot_slickline_tools_fishing_tool_1.jpg,2 5inch wireline
2_5inch_wireline_releasable_overshot_slickline_tools_fishing_tool_6.jpg,2 5inch wireline
2_5inch_wireline_releasable_overshot_slickline_tools_fishing_tool_4.jpg,2 5inch wireline
2_5inch_wireline_releasable_overshot_slickline_tools_fishing_tool_3.jpg,2 5inch wireline
2_5inch_wireline_releasable_overshot_slickline_tools_fishing_tool.jpg,2 5inch wireline
2_5inch_wireline_releasable_overshot_slickline_tools_fishing_tool_5.jpg,2 5inch wireline
2_5inch_wireline_releasable_overshot_slickline_tools_fishing_tool_2.jpg,2 5inch wireline
2_813_inch_wireline_lock_mandrel_pxx_plug_and_prong_running_tool_2.jpg,2 813 inch
2_813_inch_wireline_lock_mandrel_pxx_plug_and_prong_running_tool.jpg,2 813 inch
2_813_inch_wireline_lock_mandrel_pxx_plug_and_prong_running_tool_3.jpg,2 813 inch
2_813_inch_wireline_lock_mandrel_pxx_plug_and_prong_running_tool_5.jpg,2 813 inch
2_813_inch_px_plugs_wireline_lock_mandrel_wear_resistant.jpg,2 813 inch
2_813_inch_wireline_lock_mandrel_pxx_plug_and_prong_running_tool_1.jpg,2 813 inch
2_813_inch_px_plugs_wireline_lock_mandrel_wear_resistant_1.jpg,2 813 inch
2_813_inch_wireline_lock_mandrel_pxx_plug_and_prong_running_tool_4.jpg,2 813 inch
2_813_inch_px_plugs_wireline_lock_mandrel_wear_resistant_2.jpg,2 813 inch
2_875_inch_alloy_steel_tubing_stop_wireline_pulling_tool.jpg,2 875 inch
2_inch_1_25_inch_gs_pulling_tool_wireline_pulling_tool.jpg,2 inch 1
2_inch_and_2_5_inch_wireline_tubing_broach_gauge_cutter_slickline_alloy_steel_1.jpg,2 inch and
2_inch_and_2_5_inch_wireline_tubing_broach_gauge_cutter_slickline_alloy_steel.jpg,2 inch and
2_inch_anti_blow_up_wireline_pressure_gauge_hanger.jpg,2 inch anti
2_inch_gs_wireline_pulling_tool_alloy_steel_material.jpg,2 inch gs
2_inch_ju_type_wireline_pulling_tool_api_slickline_pulling_tools.jpg,2 inch ju
2_inch_ju_type_wireline_pulling_tool_api_slickline_pulling_tools_1.jpg,2 inch ju
2_inch_nickel_alloy_centre_spear_wireline_fishing_tool_1_5_inch.jpg,2 inch nickel
2_inch_r_type_pulling_tool_wireline_pulling_tool.jpg,2 inch r
2_inch_s_type_pulling_tools_for_wireline_pulling_tool.jpg,2 inch s
2_inch_sb_pulling_tool_wireline_for_fishing_hdqrj_connected.jpg,2 inch sb
2_inch_sb_pulling_tool_wireline_for_fishing_hdqrj_connected_1.jpg,2 inch sb
2_inch_tungsten_stem_wireline_tool_string.jpg,2 inch tungsten
2_inch_tungsten_stem_wireline_tool_string_2.jpg,2 inch tungsten
2_inch_tungsten_stem_wireline_tool_string_1.jpg,2 inch tungsten
2_inch_tungsten_stem_wireline_tool_string_4.jpg,2 inch tungsten
2_inch_tungsten_stem_wireline_tool_string_3.jpg,2 inch tungsten
2_inch_wireline_roller_centralizer_slickline_tool_string_1.jpg,2 inch wireline
2_inch_wireline_roller_centralizer_slickline_tool_string.jpg,2 inch wireline
2_inch_wireline_roller_centralizer_slickline_tool_string_2.jpg,2 inch wireline
2_inch_wireline_brush_gauge_cutter_slickline_tools.jpg,2 inch wireline
2_inch_wireline_pressure_control_equipment_quick_union_crossover.jpg,2 inch wireline
2_shock_absorber_wireline_pressure_gauge_hanger_15_16_10un.jpg,2 shock absorber
20_inch_cable_sky_pulley_wellhead_wireline_pressure_control_equipment.jpg,20 inch cable
20_inch_wireline_hay_pulley_wellhead_wireline_pressure_control.jpg,20 inch wireline
2ft_4ft_nickel_alloy_knuckle_jar_wireline_tool_string_for_light_jarring_3.jpg,2ft 4ft nickel
2ft_4ft_nickel_alloy_knuckle_jar_wireline_tool_string_for_light_jarring_2.jpg,2ft 4ft nickel
2ft_4ft_nickel_alloy_knuckle_jar_wireline_tool_string_for_light_jarring_4.jpg,2ft 4ft nickel
2ft_4ft_nickel_alloy_knuckle_jar_wireline_tool_string_for_light_jarring.jpg,2ft 4ft nickel
2ft_4ft_nickel_alloy_knuckle_jar_wireline_tool_string_for_light_jarring_1.jpg,2ft 4ft nickel
2inch_sb_type_pulling_tool_catch_distance_31mm_wireline_slickline_tools_9.jpg,2inch sb type
2inch_sb_type_pulling_tool_catch_distance_31mm_wireline_slickline_tools_8.jpg,2inch sb type
2inch_sb_type_pulling_tool_catch_distance_31mm_wireline_slickline_tools.jpg,2inch sb type
2inch_sb_type_pulling_tool_catch_distance_31mm_wireline_slickline_tools_7.jpg,2inch sb type
2inch_sb_type_pulling_tool_catch_distance_31mm_wireline_slickline_tools_4.jpg,2inch sb type
2inch_sb_type_pulling_tool_catch_distance_31mm_wireline_slickline_tools_2.jpg,2inch sb type
2inch_sb_type_pulling_tool_catch_distance_31mm_wireline_slickline_tools_3.jpg,2inch sb type
2inch_sb_type_pulling_tool_catch_distance_31mm_wireline_slickline_tools_6.jpg,2inch sb type
2inch_sb_type_pulling_tool_catch_distance_31mm_wireline_slickline_tools_5.jpg,2inch sb type
2inch_sb_type_pulling_tool_catch_distance_31mm_wireline_slickline_tools_1.jpg,2inch sb type
3_75_inch_fb_2_check_valve_wireline_lock_mandrel_equalizing_running_tool_3.jpg,3 75 inch
3_75_inch_fb_2_check_valve_wireline_lock_mandrel_equalizing_running_tool.jpg,3 75 inch
3_75_inch_fb_2_check_valve_wireline_lock_mandrel_equalizing_running_tool_2.jpg,3 75 inch
3_75_inch_fb_2_check_valve_wireline_lock_mandrel_equalizing_running_tool_1.jpg,3 75 inch
3_75inch_qls_quick_connect_wireline_skirted_magnet_slickline_tools_2.jpg,3 75inch qls
3_75inch_qls_quick_connect_wireline_skirted_magnet_slickline_tools_1.jpg,3 75inch qls
3_75inch_qls_quick_connect_wireline_skirted_magnet_slickline_tools.jpg,3 75inch qls
3_75inch_qls_quick_connect_wireline_skirted_magnet_slickline_tools_5.jpg,3 75inch qls
3_75inch_qls_quick_connect_wireline_skirted_magnet_slickline_tools_4.jpg,3 75inch qls
3_75inch_qls_quick_connect_wireline_skirted_magnet_slickline_tools_6.jpg,3 75inch qls
3_75inch_qls_quick_connect_wireline_skirted_magnet_slickline_tools_3.jpg,3 75inch qls
3_75inch_qls_quick_connect_wireline_skirted_magnet_slickline_tools_7.jpg,3 75inch qls
3_813_inch_b_shifting_slickline_wireline_running_tool_self_release_positioning.jpg,3 813 inch
3_813_inch_b_shifting_slickline_wireline_running_tool_self_release_positioning_1.jpg,3 813 inch
3_alloy_steel_wireline_pulling_tool_rs_type_external_fishing_tool.jpg,3 alloy steel
3_inch_gauge_cutter_wireline_3.jpg,3 inch gauge
3_inch_gauge_cutter_wireline_1.jpg,3 inch gauge
3_inch_gauge_cutter_wireline_2.jpg,3 inch gauge
3_inch_gauge_cutter_wireline.jpg,3 inch gauge
3_inch_ssj_pulling_tool_wireline_pulling_tool_1.jpg,3 inch ssj
3_inch_ssj_pulling_tool_wireline_pulling_tool.jpg,3 inch ssj
3_inch_wireline_pulling_tool_aluminum_alloy_well_fishing_tools_jdc_type.jpg,3 inch wireline
3_inch_wireline_fishing_tool_releasable_wireline_overshot.jpg,3 inch wireline
3_inch_wireline_wire_finder_wireline_fishing_tool_nickel_alloy_1.jpg,3 inch wireline
3_inch_wireline_wire_finder_wireline_fishing_tool_nickel_alloy.jpg,3 inch wireline
3_inch_wireline_jdc_pulling_tool_aluminum_alloy_material.jpg,3 inch wireline
3_inch_wireline_slickline_gs_pulling_tool_nickel_alloy.jpg,3 inch wireline
35mpa_simple_steel_wire_simple_blowout_prevention_system_35crmo.jpg,35mpa simple steel
35mpa_simple_steel_wire_simple_blowout_prevention_system_35crmo_1.jpg,35mpa simple steel
3inch_jdc_pulling_tool_for_wireline_slickline_operations.jpg,3inch jdc pulling
3inch_jdc_pulling_tool_for_wireline_slickline_operations_1.jpg,3inch jdc pulling
4_562_inch_bo_shifting_wireline_running_tool.jpg,4 562 inch
4_inch_gs_hydraulic_labor_tools_wireline_pulling_tool_1.jpg,4 inch gs
4_inch_gs_hydraulic_labor_tools_wireline_pulling_tool.jpg,4 inch gs
4_inch_id_5k_wireline_pressure_control_quick_test_sub_nickel_alloy.jpg,4 inch id
4ft_6ft_8ft_lightweight_lubricator_wireline_and_slickline_tools.jpg,4ft 6ft 8ft
5000_psi_bop_hydraulic_control_system_wireline_pressure_control_equipment.jpg,5000 psi bop
5000_psi_quick_union_crossover_wireline_pressure_control_equipment.jpg,5000 psi quick
5000psi_wireline_pressure_control_equipment_blowout_preventer_bop.jpg,5000psi wireline pressure
50mm_ssj_pulling_tool_in_wooden_case_standard_working_condition_1.jpg,50mm ssj pulling
50mm_ssj_pulling_tool_in_wooden_case_standard_working_condition.jpg,50mm ssj pulling
5k_10k_slickline_tee_joint_wireline_pressure_control_equipment.jpg,5k 10k slickline
5k_10k_wireline_tee_joint_wireline_pressure_control_equipment_h2s_standard.jpg,5k 10k wireline
5k_10k_wireline_tool_trap_wireline_pressure_control_equipment.jpg,5k 10k wireline
5k_wireline_in_situ_test_sub_wireline_pressure_control_equipment.jpg,5k wireline in
5k_wireline_tee_joint_wireline_pressure_control_equipment_h2s_standard.jpg,5k wireline tee
70mpa_mono_conductor_knuckle_joint_e_line_tools_for_wireline_3.jpg,70mpa mono conductor
70mpa_mono_conductor_knuckle_joint_e_line_tools_for_wireline_2.jpg,70mpa mono conductor
70mpa_mono_conductor_knuckle_joint_e_line_tools_for_wireline_1.jpg,70mpa mono conductor
70mpa_mono_conductor_knuckle_joint_e_line_tools_for_wireline.jpg,70mpa mono conductor
70mpa_wireline_pressure_control_equipment_grease_injection_control_heads.jpg,70mpa wireline pressure
70mpa_wireline_pressure_control_equipment_grease_injection_control_heads_2.jpg,70mpa wireline pressure
70mpa_wireline_pressure_control_equipment_grease_injection_control_heads_1.jpg,70mpa wireline pressure
7kg_jdc_pulling_tool_for_wireline_operation_and_slickline_operation_wooden_case_packaging.jpg,7kg jdc pulling
7kg_jdc_pulling_tool_for_wireline_operation_and_slickline_operation_wooden_case_packaging_1.jpg,7kg jdc pulling
8_inch_wireline_torsion_tester_for_torsion_experiment_instrument.jpg,8 inch wireline
90_degree_rotate_breech_lock_quick_joint_wireline_tool_connections_2.jpg,90 degree rotate
90_degree_rotate_breech_lock_quick_joint_wireline_tool_connections_1.jpg,90 degree rotate
90_degree_rotate_breech_lock_quick_joint_wireline_tool_connections_3.jpg,90 degree rotate
90_degree_rotate_breech_lock_quick_joint_wireline_tool_connections_5.jpg,90 degree rotate
90_degree_rotate_breech_lock_quick_joint_wireline_tool_connections_4.jpg,90 degree rotate
90_degree_rotate_breech_lock_quick_joint_wireline_tool_connections.jpg,90 degree rotate
90_degree_rotate_breech_lock_quick_joint_wireline_tool_connections_6.jpg,90 degree rotate
alloy_steel_1_5_inch_wireline_skirted_magnet_sand_pump_bailer_sr_connection_1.jpg,alloy steel 1
alloy_steel_1_875_inch_roller_knuckle_joint_wireline_tool_string_1.jpg,alloy steel 1
alloy_steel_1_5_inch_wireline_skirted_magnet_sand_pump_bailer_sr_connection.jpg,alloy steel 1
alloy_steel_1_5_inch_wireline_skirted_magnet_sand_pump_bailer_sr_connection_2.jpg,alloy steel 1
alloy_steel_1_875_inch_roller_knuckle_joint_wireline_tool_string.jpg,alloy steel 1
alloy_steel_2_inch_tubing_broach_gauge_cutter_slickline.jpg,alloy steel 2
alloy_steel_2ft_wireline_brush_gauge_cutter_slickline_tools.jpg,alloy steel 2ft
alloy_steel_alligator_wireline_grab_catch_fish_falling.jpg,alloy steel alligator
alloy_steel_blowout_preventer_bop_wireline_pressure_control_equipment.jpg,alloy steel blowout
alloy_steel_material_rj_pulling_tool_3_inch_wireline_slickline_tools_4.jpg,alloy steel material
alloy_steel_material_rj_pulling_tool_3_inch_wireline_slickline_tools_3.jpg,alloy steel material
alloy_steel_material_rj_pulling_tool_3_inch_wireline_slickline_tools.jpg,alloy steel material
alloy_steel_material_rj_pulling_tool_3_inch_wireline_slickline_tools_6.jpg,alloy steel material
alloy_steel_material_rj_pulling_tool_3_inch_wireline_slickline_tools_2.jpg,alloy steel material
alloy_steel_material_rj_pulling_tool_3_inch_wireline_slickline_tools_5.jpg,alloy steel material
alloy_steel_material_rj_pulling_tool_3_inch_wireline_slickline_tools_1.jpg,alloy steel material
alloy_steel_nickel_alloy_1_5inch_roller_wireline_knuckle_joint_wireline_tool_string_1.jpg,alloy steel nickel
alloy_steel_nickel_alloy_wireline_gauge_cutter_1_25inch_6inch_slickline_tools_6.jpg,alloy steel nickel
alloy_steel_nickel_alloy_1_5inch_roller_wireline_knuckle_joint_wireline_tool_string_3.jpg,alloy steel nickel
alloy_steel_nickel_alloy_1_5inch_roller_wireline_knuckle_joint_wireline_tool_string.jpg,alloy steel nickel
alloy_steel_nickel_alloy_wireline_gauge_cutter_1_25inch_6inch_slickline_tools.jpg,alloy steel nickel
alloy_steel_nickel_alloy_wireline_gauge_cutter_1_25inch_6inch_slickline_tools_2.jpg,alloy steel nickel
alloy_steel_nickel_alloy_1_5inch_roller_wireline_knuckle_joint_wireline_tool_string_2.jpg,alloy steel nickel
alloy_steel_nickel_alloy_wireline_gauge_cutter_1_25inch_6inch_slickline_tools_4.jpg,alloy steel nickel
alloy_steel_nickel_alloy_wireline_gauge_cutter_1_25inch_6inch_slickline_tools_3.jpg,alloy steel nickel
alloy_steel_nickel_alloy_1_5inch_roller_wireline_knuckle_joint_wireline_tool_string_5.jpg,alloy steel nickel
alloy_steel_nickel_alloy_wireline_gauge_cutter_1_25inch_6inch_slickline_tools_1.jpg,alloy steel nickel
alloy_steel_nickel_alloy_1_5inch_roller_wireline_knuckle_joint_wireline_tool_string_6.jpg,alloy steel nickel
alloy_steel_nickel_alloy_1_5inch_roller_wireline_knuckle_joint_wireline_tool_string_4.jpg,alloy steel nickel
alloy_steel_nickel_alloy_wireline_gauge_cutter_1_25inch_6inch_slickline_tools_5.jpg,alloy steel nickel
alloy_steel_quick_test_sub_wireline_pressure_control_equipment.jpg,alloy steel quick
alloy_steel_r_type_wireline_pulling_tool_1_5_grasping.jpg,alloy steel r
alloy_steel_slickline_wireline_tool_bo_type_selection_positioning_wierline.jpg,alloy steel slickline
alloy_steel_slickline_wireline_chemical_injection_sub_liquid_chamber.jpg,alloy steel slickline
alloy_steel_slickline_roller_ball_sub_wireline_tools_and_equipment_1.jpg,alloy steel slickline
alloy_steel_slickline_roller_ball_sub_wireline_tools_and_equipment.jpg,alloy steel slickline
alloy_steel_special_salvage_tool_wireline_pulling_tool_2_875_inch.jpg,alloy steel special
alloy_steel_wellhead_joint_wireline_pressure_control_equipment_4inch_id.jpg,alloy steel wellhead
alloy_steel_wireline_spooler_tools_wireline_pressure_control_equipment_2.jpg,alloy steel wireline
alloy_steel_wireline_spooler_tools_wireline_pressure_control_equipment_7.jpg,alloy steel wireline
alloy_steel_wireline_spooler_tools_wireline_pressure_control_equipment_1.jpg,alloy steel wireline
alloy_steel_wireline_running_b_shifting_tool_for_slickline.jpg,alloy steel wireline
alloy_steel_wireline_pressure_gauge_hanger_anti_blow_up_qls_2_125_inch_3.jpg,alloy steel wireline
alloy_steel_wireline_spooler_tools_wireline_pressure_control_equipment_9.jpg,alloy steel wireline
alloy_steel_wireline_spooler_tools_wireline_pressure_control_equipment_6.jpg,alloy steel wireline
alloy_steel_wireline_fishing_tool_releasable_wireline_overshot_1_84inch_2_19inch.jpg,alloy steel wireline
alloy_steel_wireline_running_b_shifting_tool_for_slickline_3.jpg,alloy steel wireline
alloy_steel_wireline_pressure_gauge_hanger_anti_blow_up_qls_2_125_inch_2.jpg,alloy steel wireline
alloy_steel_wireline_tool_string_slip_rope_socket_qls_connection_1.jpg,alloy steel wireline
alloy_steel_wireline_running_b_shifting_tool_for_slickline_6.jpg,alloy steel wireline
alloy_steel_wireline_running_b_shifting_tool_for_slickline_7.jpg,alloy steel wireline
alloy_steel_wireline_pressure_gauge_hanger_anti_blow_up_qls_2_125_inch_1.jpg,alloy steel wireline
alloy_steel_wireline_running_b_shifting_tool_for_slickline_4.jpg,alloy steel wireline
alloy_steel_wireline_spooler_tools_wireline_pressure_control_equipment_3.jpg,alloy steel wireline
alloy_steel_wireline_tool_string_slip_rope_socket_qls_connection.jpg,alloy steel wireline
alloy_steel_wireline_spooler_tools_wireline_pressure_control_equipment_5.jpg,alloy steel wireline
alloy_steel_wireline_pressure_gauge_hanger_anti_blow_up_qls_2_125_inch_5.jpg,alloy steel wireline
alloy_steel_wireline_pressure_gauge_hanger_anti_blow_up_qls_2_125_inch_7.jpg,alloy steel wireline
alloy_steel_wireline_spooler_tools_wireline_pressure_control_equipment_8.jpg,alloy steel wireline
alloy_steel_wireline_fishing_tool_api_q1_1_5_inch_flopetrol_cutter.jpg,alloy steel wireline
alloy_steel_wireline_tool_string_spring_centralizer_2_5inch.jpg,alloy steel wireline
alloy_steel_wireline_pressure_gauge_hanger_anti_blow_up_qls_2_125_inch_6.jpg,alloy steel wireline
alloy_steel_wireline_spooler_tools_wireline_pressure_control_equipment_4.jpg,alloy steel wireline
alloy_steel_wireline_pressure_gauge_hanger_anti_blow_up_qls_2_125_inch.jpg,alloy steel wireline
alloy_steel_wireline_running_b_shifting_tool_for_slickline_5.jpg,alloy steel wireline
alloy_steel_wireline_running_b_shifting_tool_for_slickline_1.jpg,alloy steel wireline
alloy_steel_wireline_running_b_shifting_tool_for_slickline_2.jpg,alloy steel wireline
alloy_steel_wireline_roller_stem_tool_string_1_875_inch.jpg,alloy steel wireline
alloy_steel_wireline_spooler_tools_wireline_pressure_control_equipment.jpg,alloy steel wireline
alloy_steel_wireline_pressure_gauge_hanger_anti_blow_up_qls_2_125_inch_4.jpg,alloy steel wireline
aluminum_alloy_slickline_gauge_cutter_1_875_inch_cleaning_tubing_wall.jpg,aluminum alloy slickline
aluminum_hay_pulley_wireline_pressure_control_equipment_cast.jpg,aluminum hay pulley
anti_blow_up_wireline_pressure_gauge_hanger_2_875_inch.jpg,anti blow up
anti_blow_up_wireline_pressure_gauge_hanger_2_875_inch_1.jpg,anti blow up
anti_blow_up_tool_wireline_pressure_gauge_hanger_5_5_inch.jpg,anti blow up
anti_blow_up_wireline_pressure_gauge_hanger_2_375_inch_1.jpg,anti blow up
anti_blow_up_wireline_pressure_gauge_hanger_2_875_inch_2.jpg,anti blow up
anti_blow_up_wireline_pressure_gauge_hanger_2_375_inch.jpg,anti blow up
anti_corrosion_skirted_magnet_wireline_tool_string_for_magnetic_suction_1.jpg,anti corrosion skirted
anti_corrosion_skirted_magnet_wireline_tool_string_for_magnetic_suction.jpg,anti corrosion skirted
anti_corrosion_skirted_magnet_wireline_tool_string_for_magnetic_suction_2.jpg,anti corrosion skirted
anti_corrosion_wireline_fishing_tool_wireline_blind_box.jpg,anti corrosion wireline
antirust_ju_type_pulling_tool_wireline_and_slickline_tools.jpg,antirust ju type
api_24inch_length_sand_pump_bailer_slickline_sample_bailer_1.jpg,api 24inch length
api_24inch_length_sand_pump_bailer_slickline_sample_bailer_3.jpg,api 24inch length
api_24inch_length_sand_pump_bailer_slickline_sample_bailer_2.jpg,api 24inch length
api_24inch_length_sand_pump_bailer_slickline_sample_bailer.jpg,api 24inch length
api_24inch_length_sand_pump_bailer_slickline_sample_bailer_4.jpg,api 24inch length
api_alloy_steel_two_legged_wireline_grab_qls_connection.jpg,api alloy steel
api_alloy_steel_wireline_chemical_injection_sub_5k_cable_liquid_chamber.jpg,api alloy steel
api_pear_drop_rope_socket_wireline_tool_string_variable_connection_type.jpg,api pear drop
api_pressure_control_wireline_hay_pulley_12_inch_slickline_operation.jpg,api pressure control
api_q1_2_inch_wireline_pulling_tool_3_inch_for_fishing.jpg,api q1 2
api_q1_2_inch_roller_centralizer_slickline_equipment_blqj_connection_2.jpg,api q1 2
api_q1_2_inch_roller_centralizer_slickline_equipment_blqj_connection_1.jpg,api q1 2
api_q1_2_inch_roller_centralizer_slickline_equipment_blqj_connection.jpg,api q1 2
api_q1_approved_side_wall_cutter_wireline_fishing_tool.jpg,api q1 approved
api_q1_wireline_fishing_tool_flo_type_releasable_wireline_overshot.jpg,api q1 wireline
api_q1_wireline_fishing_releasable_slickline_overshot_2_inch.jpg,api q1 wireline
api_sealing_gih_grease_injection_head_for_braided_cable_wireline_1.jpg,api sealing gih
api_sealing_gih_grease_injection_head_for_braided_cable_wireline_2.jpg,api sealing gih
api_sealing_gih_grease_injection_head_for_braided_cable_wireline.jpg,api sealing gih
api_wireline_pressure_gauge_hanger_downhole_instrument_hangers_2.jpg,api wireline pressure
api_wireline_pressure_gauge_hanger_downhole_instrument_hangers_1.jpg,api wireline pressure
api_wireline_pressure_gauge_hanger_downhole_instrument_hangers.jpg,api wireline pressure
api_wireline_pulling_tool_alloy_steel_bell_guide_set_1.jpg,api wireline pulling
api_wireline_pulling_tool_alloy_steel_bell_guide_set.jpg,api wireline pulling
api_wireline_tubing_broach_one_piece_construction_with_hardened.jpg,api wireline tubing
api_x_selective_test_tool_sr_wireline_and_slickline_tools_2_75_inch_1.jpg,api x selective
api_x_selective_test_tool_sr_wireline_and_slickline_tools_2_75_inch_2.jpg,api x selective
api_x_selective_test_tool_sr_wireline_and_slickline_tools_2_75_inch.jpg,api x selective
b_shifting_slickline_wireline_running_tool_self_release_positioning.jpg,b shifting slickline
b_shifting_wireline_running_tool.jpg,b shifting wireline
b_shifting_wireline_running_tool_1.jpg,b shifting wireline
b_shifting_wireline_running_tool_2.jpg,b shifting wireline
b_type_selective_positioning_tool_wireline_running_tool_2_313_inch_6.jpg,b type selective
b_type_selective_positioning_tool_wireline_running_tool_2_313_inch_4.jpg,b type selective
b_type_selective_positioning_tool_wireline_running_tool_2_313_inch.jpg,b type selective
b_type_selective_positioning_tool_wireline_running_tool_2_313_inch_7.jpg,b type selective
b_type_selective_positioning_tool_wireline_running_tool_2_313_inch_2.jpg,b type selective
b_type_selective_positioning_tool_wireline_running_tool_2_313_inch_5.jpg,b type selective
b_type_selective_positioning_tool_wireline_running_tool_2_inch.jpg,b type selective
b_type_selective_positioning_tool_wireline_running_tool_2_313_inch_1.jpg,b type selective
b_type_selective_positioning_tool_wireline_running_tool_2_313_inch_8.jpg,b type selective
b_type_selective_positioning_tool_wireline_running_tool_2_313_inch_9.jpg,b type selective
b_type_selective_positioning_tool_wireline_running_tool_2_313_inch_3.jpg,b type selective
bearing_universal_wireline_knuckle_joint_wireline_tool_string_1_5_inch.jpg,bearing universal wireline
bearing_universal_wireline_knuckle_joint_wireline_tool_string_1_5_inch_1.jpg,bearing universal wireline
blowout_preventer_bop_5000psi_wireline_pressure_control_equipment.jpg,blowout preventer bop
blowout_preventer_bop_15000psi_wireline_pressure_control_equipment.jpg,blowout preventer bop
blowout_preventer_bop_wireline_pressure_control_equipment_2.jpg,blowout preventer bop
blowout_preventer_bop_15000psi_wireline_pressure_control_equipment_1.jpg,blowout preventer bop
blowout_preventer_bop_wireline_pressure_control_equipment_1.jpg,blowout preventer bop
blowout_preventer_bop_wireline_pressure_control_equipment.jpg,blowout preventer bop
blqj_2_inch_wireline_pulling_tool_gs_well_pulling_tools_overground_releasing.jpg,blqj 2 inch
blqj_connection_wireline_crossover_tool_string_nue_flat_button.jpg,blqj connection wireline
blqj_hdqrj_paraffin_knife_gauge_cutter_slickline_api_q1_approved.jpg,blqj hdqrj paraffin
bo_type_selection_positioning_slickline_tool_2_313_inch.jpg,bo type selection
bo_type_selective_positioning_wireline_running_tool_2_313_inch.jpg,bo type selective
bop_pressure_control_wireline_pumping_tee_15k_npt_thread_1.jpg,bop pressure control
bop_pressure_control_wireline_pumping_tee_15k_npt_thread.jpg,bop pressure control
bop_wireline_pressure_control_equipment_1.jpg,bop wireline pressure
bop_wireline_pressure_control_equipment.jpg,bop wireline pressure
bop_wireline_pressure_control_equipment_2.jpg,bop wireline pressure
bulldog_spear_wireline_pulling_tool_1.jpg,bulldog spear wireline
bulldog_spear_wireline_pulling_tool_2.jpg,bulldog spear wireline
bulldog_spear_wireline_pulling_tool.jpg,bulldog spear wireline
bulldog_spear_wireline_pulling_tool_3.jpg,bulldog spear wireline
cable_winch_unit_wireline_pressure_control_equipment_4.jpg,cable winch unit
cable_winch_unit_wireline_pressure_control_equipment.jpg,cable winch unit
cable_winch_unit_wireline_pressure_control_equipment_2.jpg,cable winch unit
cable_winch_unit_wireline_pressure_control_equipment_8.jpg,cable winch unit
cable_winch_unit_wireline_pressure_control_equipment_7.jpg,cable winch unit
cable_winch_unit_wireline_pressure_control_equipment_6.jpg,cable winch unit
cable_winch_unit_wireline_pressure_control_equipment_5.jpg,cable winch unit
cable_winch_unit_wireline_pressure_control_equipment_1.jpg,cable winch unit
cable_winch_unit_wireline_pressure_control_equipment_3.jpg,cable winch unit
carbon_steel_ssj_wireline_pulling_tool_200mm_length_polishing_surface_treatment.jpg,carbon steel ssj
cast_aluminum_ct_coiled_tubing_tools_wireline_knuckle_joint_2_inch_1.jpg,cast aluminum ct
cast_aluminum_ct_coiled_tubing_tools_wireline_knuckle_joint_2_inch_3.jpg,cast aluminum ct
cast_aluminum_ct_coiled_tubing_tools_wireline_knuckle_joint_2_inch_2.jpg,cast aluminum ct
cast_aluminum_ct_coiled_tubing_tools_wireline_knuckle_joint_2_inch_6.jpg,cast aluminum ct
cast_aluminum_ct_coiled_tubing_tools_wireline_knuckle_joint_2_inch.jpg,cast aluminum ct
cast_aluminum_ct_coiled_tubing_tools_wireline_knuckle_joint_2_inch_4.jpg,cast aluminum ct
cast_aluminum_ct_coiled_tubing_tools_wireline_knuckle_joint_2_inch_5.jpg,cast aluminum ct
cast_aluminum_hay_pulley_wireline_pressure_for_control_direction.jpg,cast aluminum hay
cast_aluminum_hay_pulley_wireline_pressure_for_control_direction_1.jpg,cast aluminum hay
cast_aluminum_pressure_control_wireline_hay_pulley_slickline_operation_api.jpg,cast aluminum pressure
cast_aluminum_wellhead_wireline_hay_pulley_for_well_intervention_3.jpg,cast aluminum wellhead
cast_aluminum_wellhead_wireline_hay_pulley_for_well_intervention.jpg,cast aluminum wellhead
cast_aluminum_wellhead_wireline_hay_pulley_for_well_intervention_4.jpg,cast aluminum wellhead
cast_aluminum_wellhead_wireline_hay_pulley_with_16_inch_sheave.jpg,cast aluminum wellhead
cast_aluminum_wellhead_wireline_hay_pulley_for_well_intervention_2.jpg,cast aluminum wellhead
cast_aluminum_wellhead_wireline_hay_pulley_for_well_intervention_1.jpg,cast aluminum wellhead
cast_aluminum_wellhead_wireline_hay_pulley_with_16_inch_sheave_1.jpg,cast aluminum wellhead
cast_aluminum_wireline_pressure_control_equipment_with_14_inch_sheave.jpg,cast aluminum wireline
casting_fishing_heavy_duty_pulling_tool_wireline_pulling_tool_3_5_inch_2.jpg,casting fishing heavy
casting_fishing_heavy_duty_pulling_tool_wireline_pulling_tool_3_5_inch.jpg,casting fishing heavy
casting_fishing_heavy_duty_pulling_tool_wireline_pulling_tool_3_5_inch_1.jpg,casting fishing heavy
connection_qls_1_5inch_wireline_knuckle_joint_slickline_tool.jpg,connection qls 1
connection_qls_1_5inch_wireline_knuckle_joint_slickline_tool_1.jpg,connection qls 1
connection_qls_1_5inch_wireline_knuckle_joint_slickline_tool_2.jpg,connection qls 1
connection_qls_1_5inch_wireline_knuckle_joint_slickline_tool_4.jpg,connection qls 1
connection_qls_1_5inch_wireline_knuckle_joint_slickline_tool_3.jpg,connection qls 1
connection_qls_1_875inch_wireline_knuckle_jar_slickline_tool_3.jpg,connection qls 1
connection_qls_1_5inch_wireline_knuckle_joint_slickline_tool_5.jpg,connection qls 1
connection_qls_1_875inch_wireline_knuckle_jar_slickline_tool_1.jpg,connection qls 1
connection_qls_1_875inch_wireline_knuckle_jar_slickline_tool.jpg,connection qls 1
connection_qls_1_875inch_wireline_knuckle_jar_slickline_tool_5.jpg,connection qls 1
connection_qls_1_875inch_wireline_knuckle_jar_slickline_tool_4.jpg,connection qls 1
connection_qls_1_875inch_wireline_knuckle_jar_slickline_tool_2.jpg,connection qls 1
ct_fluted_centralizer_coiled_tubing_tools_1.jpg,ct fluted centralizer
ct_fluted_centralizer_coiled_tubing_tools.jpg,ct fluted centralizer
ct_roll_on_connector_coiled_tubing_tools_2.jpg,ct roll on
ct_roll_on_connector_coiled_tubing_tools.jpg,ct roll on
ct_roll_on_connector_coiled_tubing_tools_1.jpg,ct roll on
custom_1_5_inch_wireline_x_line_running_tool_for_slickline.jpg,custom 1 5
custom_paraffin_wax_gauge_cutter_wireline_for_downhole.jpg,custom paraffin wax
custom_paraffin_wax_gauge_cutter_wireline_and_slickline_tools.jpg,custom paraffin wax
custom_slickline_wireline_running_tool_x_running_tool.jpg,custom slickline wireline
custom_slickline_wireline_running_tool_x_running_tool_1.jpg,custom slickline wireline
custom_slickline_wireline_running_tool_1_5_x_line_running_tool.jpg,custom slickline wireline
customized_pressure_size_b_selective_shifting_tool_for_professional_use_2.jpg,customized pressure size
customized_pressure_size_b_selective_shifting_tool_for_professional_use_1.jpg,customized pressure size
customized_pressure_size_b_selective_shifting_tool_for_professional_use_3.jpg,customized pressure size
customized_pressure_size_b_selective_shifting_tool_for_professional_use.jpg,customized pressure size
customized_temperature_rating_b_selective_shifting_tool_with_adjustable_weight_china_port_4.jpg,customized temperature rating
customized_temperature_rating_b_selective_shifting_tool_with_adjustable_weight_china_port.jpg,customized temperature rating
customized_temperature_rating_b_selective_shifting_tool_with_adjustable_weight_china_port_1.jpg,customized temperature rating
customized_temperature_rating_b_selective_shifting_tool_with_adjustable_weight_china_port_5.jpg,customized temperature rating
customized_temperature_rating_b_selective_shifting_tool_with_adjustable_weight_china_port_3.jpg,customized temperature rating
customized_temperature_rating_b_selective_shifting_tool_with_adjustable_weight_china_port_2.jpg,customized temperature rating
diamond_tubing_broach_connection_qls_3_5inch_to_4_3inch_gauge_cutter_wireline_slickline_tools_6.jpg,diamond tubing broach
diamond_tubing_broach_connection_qls_3_5inch_to_4_3inch_gauge_cutter_wireline_slickline_tools_7.jpg,diamond tubing broach
diamond_tubing_broach_connection_qls_3_5inch_to_4_3inch_gauge_cutter_wireline_slickline_tools_4.jpg,diamond tubing broach
diamond_tubing_broach_connection_qls_3_5inch_to_4_3inch_gauge_cutter_wireline_slickline_tools.jpg,diamond tubing broach
diamond_tubing_broach_connection_qls_3_5inch_to_4_3inch_gauge_cutter_wireline_slickline_tools_1.jpg,diamond tubing broach
diamond_tubing_broach_connection_qls_3_5inch_to_4_3inch_gauge_cutter_wireline_slickline_tools_5.jpg,diamond tubing broach
diamond_tubing_broach_connection_qls_3_5inch_to_4_3inch_gauge_cutter_wireline_slickline_tools_3.jpg,diamond tubing broach
diamond_tubing_broach_connection_qls_3_5inch_to_4_3inch_gauge_cutter_wireline_slickline_tools_2.jpg,diamond tubing broach
double_ram_bop_5k_pressure_control_wireline_preventer_manual_type.jpg,double ram bop
double_ram_bop_slickline_5000psi_wireline_pressure_control_blowout_preventer.jpg,double ram bop
downhole_anti_blow_up_tool_wireline_pressure_gauge_hanger_2_inch.jpg,downhole anti blow
downhole_coiled_tubing_tools.jpg,downhole coiled tubing
downhole_coiled_tubing_tools_1.jpg,downhole coiled tubing
drive_down_bailer_parts_1_5inch_wireline_slickline_tool.jpg,drive down bailer
drive_down_bailer_parts_1_5inch_wireline_slickline_tool_1.jpg,drive down bailer
drive_down_bailer_parts_1_5inch_wireline_slickline_tool_3.jpg,drive down bailer
drive_down_bailer_parts_1_5inch_wireline_slickline_tool_4.jpg,drive down bailer
drive_down_bailer_parts_1_5inch_wireline_slickline_tool_5.jpg,drive down bailer
drive_down_bailer_parts_1_5inch_wireline_slickline_tool_6.jpg,drive down bailer
drive_down_bailer_parts_1_5inch_wireline_slickline_tool_2.jpg,drive down bailer
dual_hydraulic_wireline_valve_wireline_pressure_control_equipment_1.jpg,dual hydraulic wireline
dual_hydraulic_wireline_valve_wireline_pressure_control_equipment.jpg,dual hydraulic wireline
external_sb_type_slickline_pulling_tools_hdqrj_connected.jpg,external sb type
f_type_lock_cylinder_mandrel_slickline_wireline_nickel_alloy_1.jpg,f type lock
f_type_lock_cylinder_mandrel_slickline_wireline_nickel_alloy_2.jpg,f type lock
f_type_lock_cylinder_mandrel_slickline_wireline_nickel_alloy.jpg,f type lock
fishing_releasable_wireline_overshot_tool_1_5inch_2inch_2_5inch.jpg,fishing releasable wireline
fishing_releasable_wireline_overshot_tool_1_5inch_2inch_2_5inch_1.jpg,fishing releasable wireline
fishing_releasable_wireline_overshot_tool_1_5inch_2inch_2_5inch_2.jpg,fishing releasable wireline
flopetrol_cutter_1_5inch_wireline_slickline_fishing_tool_7.jpg,flopetrol cutter 1
flopetrol_cutter_1_5inch_wireline_slickline_fishing_tool_2.jpg,flopetrol cutter 1
flopetrol_cutter_1_5inch_wireline_slickline_fishing_tool_6.jpg,flopetrol cutter 1
flopetrol_cutter_1_5inch_wireline_slickline_fishing_tool_8.jpg,flopetrol cutter 1
flopetrol_cutter_1_5inch_wireline_slickline_fishing_tool_9.jpg,flopetrol cutter 1
flopetrol_cutter_1_5inch_wireline_slickline_fishing_tool_1.jpg,flopetrol cutter 1
flopetrol_cutter_1_5inch_wireline_slickline_fishing_tool_4.jpg,flopetrol cutter 1
flopetrol_cutter_1_5inch_wireline_slickline_fishing_tool.jpg,flopetrol cutter 1
flopetrol_cutter_1_5inch_wireline_slickline_fishing_tool_5.jpg,flopetrol cutter 1
flopetrol_cutter_1_5inch_wireline_slickline_fishing_tool_3.jpg,flopetrol cutter 1
flopetrol_cutter_wireline_fishing_tool.jpg,flopetrol cutter wireline
flopetrol_cutter_wireline_fishing_tool_1.jpg,flopetrol cutter wireline
fluted_centralizer_wireline_tool_string.jpg,fluted centralizer wireline
fluted_centralizer_wireline_tool_string_1.jpg,fluted centralizer wireline
fluted_centralizer_wireline_tool_string_3.jpg,fluted centralizer wireline
fluted_centralizer_wireline_tool_string_2.jpg,fluted centralizer wireline
fluted_stepped_slipover_centralizer_wireline_tool_string.jpg,fluted stepped slipover
fluted_stepped_slipover_centralizer_wireline_tool_string_2.jpg,fluted stepped slipover
fluted_stepped_slipover_centralizer_wireline_tool_string_1.jpg,fluted stepped slipover
gas_drive_hydraulic_pressure_test_pump_100_psi_air_pressure_2.jpg,gas drive hydraulic
gas_drive_hydraulic_pressure_test_pump_100_psi_air_pressure_3.jpg,gas drive hydraulic
gas_drive_hydraulic_pressure_test_pump_100_psi_air_pressure_1.jpg,gas drive hydraulic
gas_drive_hydraulic_pressure_test_pump_100_psi_air_pressure_4.jpg,gas drive hydraulic
gas_drive_hydraulic_pressure_test_pump_100_psi_air_pressure.jpg,gas drive hydraulic
go_devil_flat_bottomed_wireline_fishing_tool_alloy_steel.jpg,go devil flat
gr_type_pulling_tool_1_5inch_5icnch_wireline_slickline_tools_2.jpg,gr type pulling
gr_type_pulling_tool_1_5inch_5icnch_wireline_slickline_tools_3.jpg,gr type pulling
gr_type_pulling_tool_1_5inch_5icnch_wireline_slickline_tools.jpg,gr type pulling
gr_type_pulling_tool_1_5inch_5icnch_wireline_slickline_tools_6.jpg,gr type pulling
gr_type_pulling_tool_1_5inch_5icnch_wireline_slickline_tools_5.jpg,gr type pulling
gr_type_pulling_tool_1_5inch_5icnch_wireline_slickline_tools_1.jpg,gr type pulling
gr_type_pulling_tool_1_5inch_5icnch_wireline_slickline_tools_7.jpg,gr type pulling
gr_type_pulling_tool_1_5inch_5icnch_wireline_slickline_tools_4.jpg,gr type pulling
grease_injection_head_with_stuffing_box_0_125inch_105mpa_wireline_equipment.jpg,grease injection head
grooving_guide_head_alloy_steel_wireline_fishing_tools_2_inch.jpg,grooving guide head
gs_pulling_tool_1_25inch_5_5inch_slickline_pulling_tools_slickline_tools_wireline_tools.jpg,gs pulling tool
gs_pulling_tool_1_25inch_5_5inch_slickline_pulling_tools_slickline_tools_wireline_tools_4.jpg,gs pulling tool
gs_pulling_tool_1_25inch_5_5inch_slickline_pulling_tools_slickline_tools_wireline_tools_3.jpg,gs pulling tool
gs_pulling_tool_1_25inch_5_5inch_slickline_pulling_tools_slickline_tools_wireline_tools_2.jpg,gs pulling tool
gs_pulling_tool_1_25inch_5_5inch_slickline_pulling_tools_slickline_tools_wireline_tools_1.jpg,gs pulling tool
gu_connector_wireline_pulling_tool_2_5_inch_gs_pulling_tool.jpg,gu connector wireline
gu_shear_up_adaptor_wireline_pulling_tool_3_inch.jpg,gu shear up
gu_shear_up_adaptor_wireline_pulling_tool.jpg,gu shear up
gu_shear_up_adaptor_wireline_pulling_tool_1.jpg,gu shear up
guiding_type_gauge_cutter_gauge_cutter_wireline_1.jpg,guiding type gauge
guiding_type_gauge_cutter_gauge_cutter_wireline_2.jpg,guiding type gauge
guiding_type_gauge_cutter_gauge_cutter_wireline.jpg,guiding type gauge
guiding_type_gauge_cutter_gauge_cutter_wireline_3.jpg,guiding type gauge
h2s_nickel_alloy_xx_plug_wireline_running_tool_cylinder_mandrel_1_875_inch_3.jpg,h2s nickel alloy
h2s_nickel_alloy_xx_plug_wireline_running_tool_cylinder_mandrel_1_875_inch_2.jpg,h2s nickel alloy
h2s_nickel_alloy_xx_plug_wireline_running_tool_cylinder_mandrel_1_875_inch.jpg,h2s nickel alloy
h2s_nickel_alloy_xx_plug_wireline_running_tool_cylinder_mandrel_1_875_inch_1.jpg,h2s nickel alloy
h2s_nickel_alloy_wireline_xx_plug_running_tool_cylinder_mandrel.jpg,h2s nickel alloy
half_moom_flange_wellhead_adapter_35mpa_wireline_pressure_control_equipment.jpg,half moom flange
half_moom_flange_wellhead_adapter_35mpa_wireline_pressure_control_equipment_1.jpg,half moom flange
half_moom_flange_wellhead_adapter_35mpa_wireline_pressure_control_equipment_5.jpg,half moom flange
half_moom_flange_wellhead_adapter_35mpa_wireline_pressure_control_equipment_4.jpg,half moom flange
half_moom_flange_wellhead_adapter_35mpa_wireline_pressure_control_equipment_3.jpg,half moom flange
half_moom_flange_wellhead_adapter_35mpa_wireline_pressure_control_equipment_2.jpg,half moom flange
half_moom_flange_wellhead_adapter_35mpa_wireline_pressure_control_equipment_6.jpg,half moom flange
hay_pulley_cable_720mm_od_wireline_pressure_control_equipment.jpg,hay pulley cable
hay_pulley_cable_720mm_od_wireline_pressure_control_equipment_6.jpg,hay pulley cable
hay_pulley_cable_720mm_od_wireline_pressure_control_equipment_2.jpg,hay pulley cable
hay_pulley_cable_720mm_od_wireline_pressure_control_equipment_5.jpg,hay pulley cable
hay_pulley_cable_720mm_od_wireline_pressure_control_equipment_1.jpg,hay pulley cable
hay_pulley_cable_720mm_od_wireline_pressure_control_equipment_4.jpg,hay pulley cable
hay_pulley_cable_720mm_od_wireline_pressure_control_equipment_3.jpg,hay pulley cable
hdqrj_alloy_steel_wireline_tool_string_1_875_inch_wireline_accelerator.jpg,hdqrj alloy steel
hdqrj_connection_salvage_spear_wireline_fishing_tool_3_inch.jpg,hdqrj connection salvage
hdqrj_wireline_running_tool_bo_shifting_tool.jpg,hdqrj wireline running
hdqrj_wireline_running_tool_bo_shifting_tool_2.jpg,hdqrj wireline running
hdqrj_wireline_running_tool_bo_shifting_tool_1.jpg,hdqrj wireline running
high_flexibility_wireline_knuckle_joint_wireline_tool_string.jpg,high flexibility wireline
high_flexibility_wireline_knuckle_joint_wireline_tool_string_1.jpg,high flexibility wireline
hydraulic_control_manual_locking_wireline_bop_wireline_pressure_control_equipment.jpg,hydraulic control manual
hydraulic_control_manual_locking_wireline_bop_wireline_pressure_control_equipment_1.jpg,hydraulic control manual
hydraulic_control_manual_locking_wireline_bop_wireline_pressure_control_equipment_4.jpg,hydraulic control manual
hydraulic_control_manual_locking_wireline_bop_wireline_pressure_control_equipment_2.jpg,hydraulic control manual
hydraulic_control_manual_locking_wireline_bop_wireline_pressure_control_equipment_3.jpg,hydraulic control manual
hydraulic_control_manual_locking_wireline_bop_wireline_pressure_control_equipment_5.jpg,hydraulic control manual
hydraulic_quick_union_wireline_lubricator_pressure_control_2.jpg,hydraulic quick union
hydraulic_quick_union_wireline_lubricator_pressure_control_3.jpg,hydraulic quick union
hydraulic_quick_union_wireline_lubricator_pressure_control.jpg,hydraulic quick union
hydraulic_quick_union_wireline_lubricator_pressure_control_1.jpg,hydraulic quick union
hydraulic_stuffing_box_wireline_pressure_control_1.jpg,hydraulic stuffing box
hydraulic_stuffing_box_wireline_pressure_control.jpg,hydraulic stuffing box
hydraulic_stuffing_box_wireline_pressure_control_5.jpg,hydraulic stuffing box
hydraulic_stuffing_box_wireline_pressure_control_2.jpg,hydraulic stuffing box
hydraulic_stuffing_box_wireline_pressure_control_4.jpg,hydraulic stuffing box
hydraulic_stuffing_box_wireline_pressure_control_3.jpg,hydraulic stuffing box
hydraulic_tool_trap_wireline_5_3_4_4acme_o_type_70mpa_wireline_pressure_control_equipment_3.jpg,hydraulic tool trap
hydraulic_tool_trap_wireline_5_3_4_4acme_o_type_70mpa_wireline_pressure_control_equipment_6.jpg,hydraulic tool trap
hydraulic_tool_trap_wireline_pressure_control.jpg,hydraulic tool trap
hydraulic_tool_trap_wireline_5_3_4_4acme_o_type_70mpa_wireline_pressure_control_equipment.jpg,hydraulic tool trap
hydraulic_tool_trap_wireline_5_3_4_4acme_o_type_70mpa_wireline_pressure_control_equipment_7.jpg,hydraulic tool trap
hydraulic_tool_trap_wireline_5_3_4_4acme_o_type_70mpa_wireline_pressure_control_equipment_5.jpg,hydraulic tool trap
hydraulic_tool_trap_wireline_5_3_4_4acme_o_type_70mpa_wireline_pressure_control_equipment_1.jpg,hydraulic tool trap
hydraulic_tool_trap_wireline_5_3_4_4acme_o_type_70mpa_wireline_pressure_control_equipment_9.jpg,hydraulic tool trap
hydraulic_tool_trap_wireline_5_3_4_4acme_o_type_70mpa_wireline_pressure_control_equipment_4.jpg,hydraulic tool trap
hydraulic_tool_trap_wireline_5_3_4_4acme_o_type_70mpa_wireline_pressure_control_equipment_8.jpg,hydraulic tool trap
hydraulic_tool_trap_wireline_5_3_4_4acme_o_type_70mpa_wireline_pressure_control_equipment_2.jpg,hydraulic tool trap
id_7_wellhead_flange_wireline_pressure_control_equipment_alloy_steel.jpg,id 7 wellhead
id_7_wellhead_flange_wireline_pressure_control_equipment_alloy_steel_1.jpg,id 7 wellhead
lead_filled_stem_wireline_tool_string_1.jpg,lead filled stem
lead_filled_stem_wireline_tool_string.jpg,lead filled stem
lead_impression_block_wireline_slickline_fishing_tools_1_25inch_6inch_slickline_tools_4.jpg,lead impression block
lead_impression_block_wireline_slickline_fishing_tools_1_25inch_6inch_slickline_tools_2.jpg,lead impression block
lead_impression_block_wireline_tool_wireline_fishing_tool.jpg,lead impression block
lead_impression_block_wireline_slickline_fishing_tools_1_25inch_6inch_slickline_tools.jpg,lead impression block
lead_impression_block_wireline_slickline_fishing_tools_1_25inch_6inch_slickline_tools_5.jpg,lead impression block
lead_impression_block_wireline_fishing_tool.jpg,lead impression block
lead_impression_block_wireline_slickline_fishing_tools_1_25inch_6inch_slickline_tools_3.jpg,lead impression block
lead_impression_block_wireline_tool_wireline_fishing_tool_1.jpg,lead impression block
lead_impression_block_wireline_fishing_tool_1.jpg,lead impression block
lead_impression_block_wireline_slickline_fishing_tools_1_25inch_6inch_slickline_tools_1.jpg,lead impression block
lubricator_wireline_pressure_control.jpg,lubricator wireline pressure
lubricator_wireline_pressure_control_1.jpg,lubricator wireline pressure
lubricator_wireline_pressure_control_2.jpg,lubricator wireline pressure
manual_3_inch_tool_trap_wireline_pressure_control_equipment_alloy_steel.jpg,manual 3 inch
manual_single_ram_bop_slickline_pressure_control_equipment_3k_5k.jpg,manual single ram
manual_tool_trap_wireline_pressure_control_equipment_2_5_inch.jpg,manual tool trap
mono_conductor_supported_roller_centralizer_2_3_4_h2s_standard_wireline_tools_3.jpg,mono conductor supported
mono_conductor_supported_roller_centralizer_2_3_4_h2s_standard_wireline_tools_1.jpg,mono conductor supported
mono_conductor_supported_roller_centralizer_2_3_4_h2s_standard_wireline_tools_4.jpg,mono conductor supported
mono_conductor_supported_roller_centralizer_2_3_4_h2s_standard_wireline_tools.jpg,mono conductor supported
mono_conductor_supported_roller_centralizer_2_3_4_h2s_standard_wireline_tools_8.jpg,mono conductor supported
mono_conductor_supported_roller_centralizer_2_3_4_h2s_standard_wireline_tools_5.jpg,mono conductor supported
mono_conductor_supported_roller_centralizer_2_3_4_h2s_standard_wireline_tools_9.jpg,mono conductor supported
mono_conductor_supported_roller_centralizer_2_3_4_h2s_standard_wireline_tools_2.jpg,mono conductor supported
mono_conductor_supported_roller_centralizer_2_3_4_h2s_standard_wireline_tools_6.jpg,mono conductor supported
mono_conductor_supported_roller_centralizer_2_3_4_h2s_standard_wireline_tools_7.jpg,mono conductor supported
mono_conductor_tungsten_filled_stem_e_line_tungsten_filled_stem_h2s_standard_1_11_16inch_7ft_4.jpg,mono conductor tungsten
mono_conductor_tungsten_filled_stem_e_line_tungsten_filled_stem_h2s_standard_1_11_16inch_7ft_3.jpg,mono conductor tungsten
mono_conductor_tungsten_filled_stem_e_line_tungsten_filled_stem_h2s_standard_1_11_16inch_7ft.jpg,mono conductor tungsten
mono_conductor_tungsten_filled_stem_e_line_tungsten_filled_stem_h2s_standard_1_11_16inch_7ft_8.jpg,mono conductor tungsten
mono_conductor_tungsten_filled_stem_e_line_tungsten_filled_stem_h2s_standard_1_11_16inch_7ft_6.jpg,mono conductor tungsten
mono_conductor_tungsten_filled_stem_e_line_tungsten_filled_stem_h2s_standard_1_11_16inch_7ft_9.jpg,mono conductor tungsten
mono_conductor_tungsten_filled_stem_e_line_tungsten_filled_stem_h2s_standard_1_11_16inch_7ft_7.jpg,mono conductor tungsten
mono_conductor_tungsten_filled_stem_e_line_tungsten_filled_stem_h2s_standard_1_11_16inch_7ft_5.jpg,mono conductor tungsten
mono_conductor_tungsten_filled_stem_e_line_tungsten_filled_stem_h2s_standard_1_11_16inch_7ft_1.jpg,mono conductor tungsten
mono_conductor_tungsten_filled_stem_e_line_tungsten_filled_stem_h2s_standard_1_11_16inch_7ft_2.jpg,mono conductor tungsten
nickel_alloy_15k_quick_test_sub_wireline_pressure_control_equipment_2.jpg,nickel alloy 15k
nickel_alloy_15k_quick_test_sub_wireline_pressure_control_equipment.jpg,nickel alloy 15k
nickel_alloy_15k_quick_test_sub_wireline_pressure_control_equipment_1.jpg,nickel alloy 15k
nickel_alloy_3_5_inch_waxing_drill_gauge_cutter_wireline.jpg,nickel alloy 3
nickel_alloy_alloy_steel_wireline_slickline_tubing_stop_joints_2_7_8inch_7.jpg,nickel alloy alloy
nickel_alloy_alloy_steel_wireline_slickline_tubing_stop_joints_2_7_8inch_5.jpg,nickel alloy alloy
nickel_alloy_alloy_steel_wireline_slickline_tubing_stop_joints_2_7_8inch_4.jpg,nickel alloy alloy
nickel_alloy_alloy_steel_wireline_slickline_tubing_stop_joints_2_7_8inch_3.jpg,nickel alloy alloy
nickel_alloy_alloy_steel_wireline_slickline_tubing_stop_joints_2_7_8inch_1.jpg,nickel alloy alloy
nickel_alloy_alloy_steel_wireline_slickline_tubing_stop_joints_2_7_8inch_9.jpg,nickel alloy alloy
nickel_alloy_alloy_steel_wireline_slickline_tubing_stop_joints_2_7_8inch_6.jpg,nickel alloy alloy
nickel_alloy_alloy_steel_wireline_slickline_tubing_stop_joints_2_7_8inch.jpg,nickel alloy alloy
nickel_alloy_alloy_steel_wireline_slickline_tubing_stop_joints_2_7_8inch_8.jpg,nickel alloy alloy
nickel_alloy_alloy_steel_wireline_slickline_tubing_stop_joints_2_7_8inch_2.jpg,nickel alloy alloy
nickel_alloy_centre_spear_wireline_fishing_tool_1_5_inch.jpg,nickel alloy centre
nickel_alloy_centre_spear_wireline_fishing_tool_1_5_inch_1.jpg,nickel alloy centre
nickel_alloy_crossover_wireline_tool_string_blqj_connection.jpg,nickel alloy crossover
nickel_alloy_flopetrol_cable_cutter_wireline_and_slickline_tools.jpg,nickel alloy flopetrol
nickel_alloy_gauge_cutter_slickline_wireline_tools_hdqrj_connection.jpg,nickel alloy gauge
nickel_alloy_gauge_cutter_slickline_wireline_tools_hdqrj_connection_2.jpg,nickel alloy gauge
nickel_alloy_gauge_cutter_slickline_wireline_tools_hdqrj_connection_1.jpg,nickel alloy gauge
nickel_alloy_gs_type_pulling_tool_slickline_3_inch_sr_connection_1.jpg,nickel alloy gs
nickel_alloy_gs_type_pulling_tool_slickline_3_inch_sr_connection.jpg,nickel alloy gs
nickel_alloy_rb_type_wireline_pulling_tool_3_inch_qls_connection.jpg,nickel alloy rb
nickel_alloy_rb_type_wireline_pulling_tool_3_inch_qls_connection_1.jpg,nickel alloy rb
nickel_alloy_wireline_accelerator_slickline_equipment_api_q1_approved.jpg,nickel alloy wireline
nickel_alloy_wireline_pulling_tool_fishing_od_1_375_inch.jpg,nickel alloy wireline
nickel_alloy_wireline_tubing_perforator_2_3_8inch_wireline_fishing_tools_3.jpg,nickel alloy wireline
nickel_alloy_wireline_pce_stem_weight_bar_wireline_tool_string_for_oil_well.jpg,nickel alloy wireline
nickel_alloy_wireline_accelerator_slickline_equipment_api_q1_approved_1.jpg,nickel alloy wireline
nickel_alloy_wireline_tubing_perforator_2_3_8inch_wireline_fishing_tools_5.jpg,nickel alloy wireline
nickel_alloy_wireline_tubing_perforator_2_3_8inch_wireline_fishing_tools_2.jpg,nickel alloy wireline
nickel_alloy_wireline_tubing_perforator_2_3_8inch_wireline_fishing_tools.jpg,nickel alloy wireline
nickel_alloy_wireline_tool_string_slickline_pear_drop_rope_socket.jpg,nickel alloy wireline
nickel_alloy_wireline_tubing_perforator_2_3_8inch_wireline_fishing_tools_4.jpg,nickel alloy wireline
nickel_alloy_wireline_tubing_perforator_2_3_8inch_wireline_fishing_tools_1.jpg,nickel alloy wireline
od_52mm_wax_removal_gauge_cutter_wireline_thin_walled.jpg,od 52mm wax
od_52mm_wax_removal_gauge_cutter_wireline_thin_walled_1.jpg,od 52mm wax
oil_downhole_tools_2_125_inch_pear_drop_rope_socket_wireline_and_slickline.jpg,oil downhole tools
paraffin_alloy_steel_wax_gauge_cutter_wireline_for_downhole.jpg,paraffin alloy steel
paraffin_cutter_qls_quick_connect_slickline_slickline_tools_2.jpg,paraffin cutter qls
paraffin_cutter_qls_quick_connect_slickline_slickline_tools_5.jpg,paraffin cutter qls
paraffin_cutter_qls_quick_connect_slickline_slickline_tools_7.jpg,paraffin cutter qls
paraffin_cutter_qls_quick_connect_slickline_slickline_tools_9.jpg,paraffin cutter qls
paraffin_cutter_qls_quick_connect_slickline_slickline_tools_8.jpg,paraffin cutter qls
paraffin_cutter_qls_quick_connect_slickline_slickline_tools_6.jpg,paraffin cutter qls
paraffin_cutter_qls_quick_connect_slickline_slickline_tools_1.jpg,paraffin cutter qls
paraffin_cutter_qls_quick_connect_slickline_slickline_tools_3.jpg,paraffin cutter qls
paraffin_cutter_qls_quick_connect_slickline_slickline_tools_4.jpg,paraffin cutter qls
paraffin_cutter_qls_quick_connect_slickline_slickline_tools.jpg,paraffin cutter qls
pressure_control_wireline_hay_pulley_12_inch_slickline_operation_api.jpg,pressure control wireline
pressure_control_wireline_hay_pulley_12_inch_slickline_operation_api_2.jpg,pressure control wireline
pressure_control_wireline_hay_pulley_12_inch_slickline_operation_api_1.jpg,pressure control wireline
pump_in_tee_wireline_pressure_control_equipment_api_standard.jpg,pump in tee
pump_opening_joint_2_ct_coiled_tubing_tools_for_downhole_string_2.jpg,pump opening joint
pump_opening_joint_2_ct_coiled_tubing_tools_for_downhole_string.jpg,pump opening joint
pump_opening_joint_2_ct_coiled_tubing_tools_for_downhole_string_1.jpg,pump opening joint
qls_2_813_inch_b_type_selective_positioning_tool_wireline_running_tool.jpg,qls 2 813
qls_nickel_alloy_bell_guide_set_slickline_pulling_tools_4_inch.jpg,qls nickel alloy
qls_quick_connect_bell_guide_set_slickline_6iinch_wireline_pulling_tool_5.jpg,qls quick connect
qls_quick_connect_bell_guide_set_slickline_6iinch_wireline_pulling_tool_1.jpg,qls quick connect
qls_quick_connect_bell_guide_set_slickline_6iinch_wireline_pulling_tool_4.jpg,qls quick connect
qls_quick_connect_bell_guide_set_slickline_6iinch_wireline_pulling_tool_2.jpg,qls quick connect
qls_quick_connect_bell_guide_set_slickline_6iinch_wireline_pulling_tool.jpg,qls quick connect
qls_quick_connect_bell_guide_set_slickline_6iinch_wireline_pulling_tool_3.jpg,qls quick connect
qls_wireline_anti_blow_up_tool_1_875inch_wireline_construction_tools_7.jpg,qls wireline anti
qls_wireline_anti_blow_up_tool_1_875inch_wireline_construction_tools_9.jpg,qls wireline anti
qls_wireline_anti_blow_up_tool_1_875inch_wireline_construction_tools_8.jpg,qls wireline anti
qls_wireline_anti_blow_up_tool_1_875inch_wireline_construction_tools_6.jpg,qls wireline anti
qls_wireline_anti_blow_up_tool_1_875inch_wireline_construction_tools_5.jpg,qls wireline anti
qls_wireline_anti_blow_up_tool_1_875inch_wireline_construction_tools_4.jpg,qls wireline anti
qls_wireline_anti_blow_up_tool_1_875inch_wireline_construction_tools_1.jpg,qls wireline anti
qls_wireline_anti_blow_up_tool_1_875inch_wireline_construction_tools_2.jpg,qls wireline anti
qls_wireline_anti_blow_up_tool_1_875inch_wireline_construction_tools.jpg,qls wireline anti
qls_wireline_anti_blow_up_tool_1_875inch_wireline_construction_tools_3.jpg,qls wireline anti
qls_wireline_quick_lock_connecter_wireline_tool_string.jpg,qls wireline quick
quick_test_sub_wireline_slickline_pressure_control_equipment_1.jpg,quick test sub
quick_test_sub_wireline_slickline_pressure_control_equipment.jpg,quick test sub
quick_union_crossover_wireline_pressure_control_equipment_id_3_inch.jpg,quick union crossover
quick_union_wireline_lubricator_hydraulic_pressure_control.jpg,quick union wireline
quick_union_x_over_wireline_pressure_control_equipment_union_adapter.jpg,quick union x
roller_ball_sub_wireline_tool_string_1_5_inch_qls_connection.jpg,roller ball sub
running_tool_string_wireline_link_jar_2_313inch_fishing_neck.jpg,running tool string
running_tool_wireline_downhole_instrument_hangers_1_25_inch.jpg,running tool wireline
safety_valve_wireline_lock_mandrel_force_open_tool.jpg,safety valve wireline
salvage_spear_inside_outside_slickline_fishing_tools_nickel_alloy.jpg,salvage spear inside
sand_pump_bailer_wireline_tool_string_1.jpg,sand pump bailer
sand_pump_bailer_wireline_tool_string.jpg,sand pump bailer
sb_type_pulling_tool_and_gs_pulling_tool_wireline_pulling_tool.jpg,sb type pulling
sb_type_pulling_tool_and_gs_pulling_tool_wireline_pulling_tool_1.jpg,sb type pulling
sb_type_pulling_tool_and_gs_pulling_tool_wireline_pulling_tool_2.jpg,sb type pulling
selective_positioning_wireline_and_slickline_tools_nickel_alloy_bo_type.jpg,selective positioning wireline
single_manual_wireline_valve_wireline_pressure_control.jpg,single manual wireline
slickline_1_875_inch_swivel_joint_wireline_tool_string_sr_connection.jpg,slickline 1 875
slickline_paraffin_cutter_2_3_8inch_alloy_steel_nickel_alloy_tools_8.jpg,slickline paraffin cutter
slickline_paraffin_cutter_2_3_8inch_alloy_steel_nickel_alloy_tools_6.jpg,slickline paraffin cutter
slickline_paraffin_cutter_2_3_8inch_alloy_steel_nickel_alloy_tools.jpg,slickline paraffin cutter
slickline_paraffin_cutter_2_3_8inch_alloy_steel_nickel_alloy_tools_5.jpg,slickline paraffin cutter
slickline_paraffin_cutter_2_3_8inch_alloy_steel_nickel_alloy_tools_9.jpg,slickline paraffin cutter
slickline_paraffin_cutter_2_3_8inch_alloy_steel_nickel_alloy_tools_2.jpg,slickline paraffin cutter
slickline_paraffin_cutter_2_3_8inch_alloy_steel_nickel_alloy_tools_1.jpg,slickline paraffin cutter
slickline_paraffin_cutter_2_3_8inch_alloy_steel_nickel_alloy_tools_4.jpg,slickline paraffin cutter
slickline_paraffin_cutter_2_3_8inch_alloy_steel_nickel_alloy_tools_7.jpg,slickline paraffin cutter
slickline_paraffin_cutter_2_3_8inch_alloy_steel_nickel_alloy_tools_3.jpg,slickline paraffin cutter
slickline_quick_joint_wireline_tool_string_alloy_steel_material.jpg,slickline quick joint
slickline_sample_bailer_sand_pump_bailer_api_2_inch_3.jpg,slickline sample bailer
slickline_sample_bailer_sand_pump_bailer_api_2_inch_1.jpg,slickline sample bailer
slickline_sample_bailer_wireline_tool_string_1_5_inch.jpg,slickline sample bailer
slickline_sample_bailer_sand_pump_bailer_api_2_inch_5.jpg,slickline sample bailer
slickline_sample_bailer_sand_pump_bailer_api_2_inch_2.jpg,slickline sample bailer
slickline_sample_bailer_wireline_tool_string_1_5_inch_1.jpg,slickline sample bailer
slickline_sample_bailer_sand_pump_bailer_api_2_inch_4.jpg,slickline sample bailer
slickline_sample_bailer_wireline_tool_string_1_5_inch_2.jpg,slickline sample bailer
slickline_sample_bailer_sand_pump_bailer_api_2_inch_6.jpg,slickline sample bailer
slickline_sample_bailer_sand_pump_bailer_api_2_inch.jpg,slickline sample bailer
slickline_scratcher_gauge_cutter_wireline_blqj_hdqrj_connection.jpg,slickline scratcher gauge
slickline_wire_finder_wireline_fishing_tool_2_inch.jpg,slickline wire finder
slickline_wire_finder_wireline_fishing_tool_2_inch_1.jpg,slickline wire finder
slickline_wireline_bo_type_selective_positioning_tool.jpg,slickline wireline bo
slickline_wireline_ju_type_pulling_tool_with_outer_fishing_necks.jpg,slickline wireline ju
slider_fishing_spear_wireline_fishing_tool_1.jpg,slider fishing spear
slider_fishing_spear_wireline_fishing_tool.jpg,slider fishing spear
socket_type_sinker_bars_lead_filled_wireline_stem_tools_1_875_inch.jpg,socket type sinker
special_salvage_tool_wireline_pulling_tool.jpg,special salvage tool
sr_2_inch_gu_adapter_wireline_pulling_tool_nickel_alloy.jpg,sr 2 inch
sr_connection_wireline_tool_string_roller_stem_5ft.jpg,sr connection wireline
sr_qls_quick_joint_wireline_and_slickline_tool_string_1.jpg,sr qls quick
sr_qls_quick_joint_wireline_and_slickline_tool_string.jpg,sr qls quick
ss_type_slickline_fishing_tools_2_5_inch_blqj_connection.jpg,ss type slickline
steel_hydraulic_stuffing_box_wireline_pressure_control_equipment_well_intervention_use.jpg,steel hydraulic stuffing
steel_hydraulic_stuffing_box_wireline_pressure_control_equipment_well_intervention_use_1.jpg,steel hydraulic stuffing
steel_pear_drop_rope_socket_wireline_tool_string_with_api_certifications.jpg,steel pear drop
steel_pressure_control_slickline_stuffing_box_16_inch.jpg,steel pressure control
steel_pressure_control_slickline_stuffing_box_16_inch_1.jpg,steel pressure control
steel_pressure_control_slickline_stuffing_box_16_inch_2.jpg,steel pressure control
steel_pressure_control_slickline_stuffing_box_16_inch_3.jpg,steel pressure control
test_cap_wireline_pressure_control_equipment_2.jpg,test cap wireline
test_cap_wireline_pressure_control_equipment.jpg,test cap wireline
test_cap_wireline_pressure_control_equipment_1.jpg,test cap wireline
the_well_recovery_device_sand_pump_bailer.jpg,the well recovery
the_wireline_releasable_collet_type_bulldog_spear_wireline_fishing_tool.jpg,the wireline releasable
thin_walled_wirefinder_wireline_fishing_tool_3_inch_1.jpg,thin walled wirefinder
thin_walled_wirefinder_wireline_fishing_tool_3_inch_2.jpg,thin walled wirefinder
thin_walled_wirefinder_wireline_fishing_tool_3_inch.jpg,thin walled wirefinder
torsion_tester_wireline_pressure_control_equipment_nickel_alloy.jpg,torsion tester wireline
transport_skid_wireline_pressure_control_equipment_for_transportation_2.jpg,transport skid wireline
transport_skid_wireline_pressure_control_equipment_for_transportation.jpg,transport skid wireline
transport_skid_wireline_pressure_control_equipment_for_transportation_1.jpg,transport skid wireline
triple_hydraulic_bop_triple_hydraulic_wireline_valve_wireline_pressure_control.jpg,triple hydraulic bop
tubing_broach_gauge_cutter_wireline_2.jpg,tubing broach gauge
tubing_broach_gauge_cutter_wireline_1.jpg,tubing broach gauge
tubing_broach_gauge_cutter_wireline.jpg,tubing broach gauge
tubing_end_locator_wireline_tool_string_2.jpg,tubing end locator
tubing_end_locator_wireline_tool_string_1.jpg,tubing end locator
tubing_end_locator_wireline_tool_string.jpg,tubing end locator
tubing_perforator_wireline_pulling_tool.jpg,tubing perforator wireline
tubing_perforator_wireline_pulling_tool_1.jpg,tubing perforator wireline
tubing_swage_wireline_tool_string.jpg,tubing swage wireline
tubular_jar_wireline_tool_string_1.jpg,tubular jar wireline
tubular_jar_wireline_tool_string_2.jpg,tubular jar wireline
tubular_jar_wireline_tool_string.jpg,tubular jar wireline
tungsten_filled_stem_wireline_tool_string_1.jpg,tungsten filled stem
tungsten_filled_stem_wireline_tool_string.jpg,tungsten filled stem
variable_steel_wireline_tool_string_length_150mm_for_oil_gas_operations.jpg,variable steel wireline
wear_resistant_2_inch_sand_pump_bailer_slickline_api_approved.jpg,wear resistant 2
wear_resistant_2_inch_sand_pump_bailer_slickline_api_approved_1.jpg,wear resistant 2
wear_resistant_4_inch_gs_type_slickline_pulling_tools_sr_qls_connection_1.jpg,wear resistant 4
wear_resistant_4_inch_gs_type_slickline_pulling_tools_sr_qls_connection.jpg,wear resistant 4
wear_resistant_nickel_alloy_x_wireline_running_tool.jpg,wear resistant nickel
well_recovery_wireline_tool_string_nickel_alloy_qls_connection.jpg,well recovery wireline
wellhead_adapter_wireline_pressure_control_equipment_nickel_alloy_material.jpg,wellhead adapter wireline
wellhead_flange_wireline_pressure_control_equipment_alloy_steel_1.jpg,wellhead flange wireline
wellhead_flange_wireline_pressure_control_equipment_alloy_steel.jpg,wellhead flange wireline
wellhead_joint_slickline_pressure_control_equipment_5_inch_id_15k.jpg,wellhead joint slickline
wellhead_joint_wireline_pressure_control_equipment_alloy_steel_1.jpg,wellhead joint wireline
wellhead_joint_wireline_pressure_control_equipment_alloy_steel.jpg,wellhead joint wireline
wellhead_joint_wireline_pressure_control_equipment_3k.jpg,wellhead joint wireline
wellhead_wireline_pressure_control_equipment_well_intervention_wireline_clamp.jpg,wellhead wireline pressure
wire_finder_wireline_fishing_tool_1.jpg,wire finder wireline
wire_finder_wireline_1_5_inch_wireline_fishing_tool_1.jpg,wire finder wireline
wire_finder_wireline_1_5_inch_wireline_fishing_tool.jpg,wire finder wireline
wire_finder_wireline_fishing_tool_2_5_inch.jpg,wire finder wireline
wire_finder_wireline_fishing_tool.jpg,wire finder wireline
wire_grab_two_legged_wireline_fishing_tool_1_5_inch_blqj_connection.jpg,wire grab two
wire_rope_pressure_control_of_single_ram_hydraulic_blowout_preventer_bop.jpg,wire rope pressure
wireline_alloy_steel_wax_scraper_gauge_cutter_slickline_2_125_inch.jpg,wireline alloy steel
wireline_bull_nose_slickline_tool_string_hdqrj_connection.jpg,wireline bull nose
wireline_center_spear_1_5inch_3_5inch_slickline_tool_wireline_tools_5.jpg,wireline center spear
wireline_center_spear_1_5inch_3_5inch_slickline_tool_wireline_tools_4.jpg,wireline center spear
wireline_center_spear_1_5inch_3_5inch_slickline_tool_wireline_tools.jpg,wireline center spear
wireline_center_spear_1_5inch_3_5inch_slickline_tool_wireline_tools_3.jpg,wireline center spear
wireline_center_spear_1_5inch_3_5inch_slickline_tool_wireline_tools_2.jpg,wireline center spear
wireline_center_spear_1_5inch_3_5inch_slickline_tool_wireline_tools_6.jpg,wireline center spear
wireline_center_spear_1_5inch_3_5inch_slickline_tool_wireline_tools_1.jpg,wireline center spear
wireline_clamp_wellhead_pressure_control_equipment_well_intervention.jpg,wireline clamp wellhead
wireline_clamp_wireline_pressure_control_equipment_1.jpg,wireline clamp wireline
wireline_clamp_wireline_pressure_control_equipment.jpg,wireline clamp wireline
wireline_crossover_wireline_tool_string_1.jpg,wireline crossover wireline
wireline_crossover_wireline_tool_string.jpg,wireline crossover wireline
wireline_fishing_lead_impression_block_1_0_inch_15_16_10un.jpg,wireline fishing lead
wireline_grab_three_prong_two_prong_fishing_tool_wireline_tools.jpg,wireline grab three
wireline_hay_pulley_slickline_pressure_control_equipment_20kn_load.jpg,wireline hay pulley
wireline_hay_pulley_wireline_pressure_contro.jpg,wireline hay pulley
wireline_hay_pulley_wellhead_slickline_pressure_control_equipment.jpg,wireline hay pulley
wireline_hay_pulley_wellhead_wireline_pressure_control.jpg,wireline hay pulley
wireline_hydraulic_duoble_ram_bop_blowout_preventer_wireline_pressure_control.jpg,wireline hydraulic duoble
wireline_hydraulic_duoble_ram_bop_blowout_preventer_wireline_pressure_control_1.jpg,wireline hydraulic duoble
wireline_hydraulic_jar_wireline_tool_string_2.jpg,wireline hydraulic jar
wireline_hydraulic_jar_wireline_tool_string_1.jpg,wireline hydraulic jar
wireline_hydraulic_jar_wireline_tool_string.jpg,wireline hydraulic jar
wireline_hydraulic_spooler_spooling_unit_3.jpg,wireline hydraulic spooler
wireline_hydraulic_spooler_spooling_unit_4.jpg,wireline hydraulic spooler
wireline_hydraulic_spooler_spooling_unit_2.jpg,wireline hydraulic spooler
wireline_hydraulic_spooler_spooling_unit.jpg,wireline hydraulic spooler
wireline_hydraulic_spooler_spooling_unit_1.jpg,wireline hydraulic spooler
wireline_hydrostatic_bailer_slickline_tools_2_5inch_sand_pump_bailer.jpg,wireline hydrostatic bailer
wireline_hydrostatic_bailer_slickline_tools_2_5inch_sand_pump_bailer_4.jpg,wireline hydrostatic bailer
wireline_hydrostatic_bailer_slickline_tools_2_5inch_sand_pump_bailer_7.jpg,wireline hydrostatic bailer
wireline_hydrostatic_bailer_slickline_tools_2_5inch_sand_pump_bailer_2.jpg,wireline hydrostatic bailer
wireline_hydrostatic_bailer_slickline_tools_2_5inch_sand_pump_bailer_5.jpg,wireline hydrostatic bailer
wireline_hydrostatic_bailer_slickline_tools_2_5inch_sand_pump_bailer_1.jpg,wireline hydrostatic bailer
wireline_hydrostatic_bailer_slickline_tools_2_5inch_sand_pump_bailer_3.jpg,wireline hydrostatic bailer
wireline_hydrostatic_bailer_slickline_tools_2_5inch_sand_pump_bailer_6.jpg,wireline hydrostatic bailer
wireline_knuckle_joint_1_5inch_pce_wireline_tool_string_h2s_service_wireline.jpg,wireline knuckle joint
wireline_link_jar_wireline_tool_string.jpg,wireline link jar
wireline_link_jar_wireline_tool_string_2.jpg,wireline link jar
wireline_link_jar_wireline_tool_string_3.jpg,wireline link jar
wireline_link_jar_wireline_tool_string_1.jpg,wireline link jar
wireline_link_jar_wireline_tool_string_4.jpg,wireline link jar
wireline_lubricator_wireline_riser_and_slickline_pressure_control_equipment_1.jpg,wireline lubricator wireline
wireline_lubricator_wireline_riser_and_slickline_pressure_control_equipment_2.jpg,wireline lubricator wireline
wireline_lubricator_wireline_riser_and_slickline_pressure_control_equipment.jpg,wireline lubricator wireline
wireline_mechanical_spang_jar_1_5inch_wireline_link_jar_tools.jpg,wireline mechanical spang
wireline_pear_drop_rope_socket_wireline_tool_string.jpg,wireline pear drop
wireline_pressure_control_equipment_alloy_steel_wellhead_flange.jpg,wireline pressure control
wireline_pressure_control_equipment_alloy_steel_wellhead_flange_3.jpg,wireline pressure control
wireline_pressure_control_alloy_steel_wellhead_joint_id_2_inch.jpg,wireline pressure control
wireline_pressure_control_equipment_alloy_steel_wellhead_flange_2.jpg,wireline pressure control
wireline_pressure_control_alloy_steel_wellhead_flange_id_2_5_inch.jpg,wireline pressure control
wireline_pressure_control_hay_pulley_16_inch_slickline_operation_api.jpg,wireline pressure control
wireline_pressure_control_equipment_alloy_steel_wellhead_flange_1.jpg,wireline pressure control
wireline_pressure_control_hay_pulley_16_inch_slickline_operation_api_1.jpg,wireline pressure control
wireline_pull_tester_wireline_pressure_control_1.jpg,wireline pull tester
wireline_pull_tester_wireline_pressure_control_2.jpg,wireline pull tester
wireline_pull_tester_wireline_pressure_control.jpg,wireline pull tester
wireline_pull_tester_wireline_pressure_control_3.jpg,wireline pull tester
wireline_releasable_collet_type_bulldog_spear_wireline_fishing_tool.jpg,wireline releasable collet
wireline_riser_wireline_pressure_control_1.jpg,wireline riser wireline
wireline_riser_wireline_pressure_control.jpg,wireline riser wireline
wireline_roller_knuckle_joint_wireline_tool_string_1_875_inch_1.jpg,wireline roller knuckle
wireline_roller_knuckle_joint_wireline_tool_string_1_875_inch.jpg,wireline roller knuckle
wireline_roller_stem_wireline_tool_string.jpg,wireline roller stem
wireline_roller_stem_wireline_tool_string_1.jpg,wireline roller stem
wireline_roller_stem_wireline_tool_string_2.jpg,wireline roller stem
wireline_scratcher_gauge_cutter_slickline_tools_1_875inch_1.jpg,wireline scratcher gauge
wireline_scratcher_gauge_cutter_slickline_tools_1_875inch.jpg,wireline scratcher gauge
wireline_slickline_tools_mechanical_spang_jar_qls_1_25inch_2_5inch_6.jpg,wireline slickline tools
wireline_slickline_tools_mechanical_spang_jar_qls_1_25inch_2_5inch_3.jpg,wireline slickline tools
wireline_slickline_tools_string_weight_stem_bar_qls_connection_1_5inch_1.jpg,wireline slickline tools
wireline_slickline_tools_string_weight_stem_bar_qls_connection_1_5inch.jpg,wireline slickline tools
wireline_slickline_tools_mechanical_spang_jar_qls_1_25inch_2_5inch_8.jpg,wireline slickline tools
wireline_slickline_tools_mechanical_spang_jar_qls_1_25inch_2_5inch_4.jpg,wireline slickline tools
wireline_slickline_tools_mechanical_spang_jar_qls_1_25inch_2_5inch_1.jpg,wireline slickline tools
wireline_slickline_tools_mechanical_spang_jar_qls_1_25inch_2_5inch_7.jpg,wireline slickline tools
wireline_slickline_tools_mechanical_spang_jar_qls_1_25inch_2_5inch_9.jpg,wireline slickline tools
wireline_slickline_tools_mechanical_spang_jar_qls_1_25inch_2_5inch.jpg,wireline slickline tools
wireline_slickline_tools_mechanical_spang_jar_qls_1_25inch_2_5inch_2.jpg,wireline slickline tools
wireline_slickline_tools_mechanical_spang_jar_qls_1_25inch_2_5inch_5.jpg,wireline slickline tools
wireline_snipper_wireline_fishing_tool_for_downhole_tools.jpg,wireline snipper wireline
wireline_spring_centralizer_wireline_tool_string.jpg,wireline spring centralizer
wireline_spring_centralizer_wireline_tool_string_1.jpg,wireline spring centralizer
wireline_spring_centralizer_wireline_tool_string_3.jpg,wireline spring centralizer
wireline_spring_centralizer_wireline_tool_string_4.jpg,wireline spring centralizer
wireline_spring_centralizer_wireline_tool_string_2.jpg,wireline spring centralizer
wireline_spring_jar_2_5inch_wireline_slickline_tool_spring_force_1000_7000_lbs_5.jpg,wireline spring jar
wireline_spring_jar_wireline_slickline_tool_1_875_inch_connection_qls.jpg,wireline spring jar
wireline_spring_jar_2_5inch_wireline_slickline_tool_spring_force_1000_7000_lbs_4.jpg,wireline spring jar
wireline_spring_jar_2_5inch_wireline_slickline_tool_spring_force_1000_7000_lbs_3.jpg,wireline spring jar
wireline_spring_jar_wireline_tool_string.jpg,wireline spring jar
wireline_spring_jar_2_5inch_wireline_slickline_tool_spring_force_1000_7000_lbs_1.jpg,wireline spring jar
wireline_spring_jar_2_5inch_wireline_slickline_tool_spring_force_1000_7000_lbs.jpg,wireline spring jar
wireline_spring_jar_2_5inch_wireline_slickline_tool_spring_force_1000_7000_lbs_6.jpg,wireline spring jar
wireline_spring_jar_2_5inch_wireline_slickline_tool_spring_force_1000_7000_lbs_2.jpg,wireline spring jar
wireline_spring_jar_wireline_slickline_tool_1_875_inch_connection_qls_1.jpg,wireline spring jar
wireline_tool_string_heavy_duty_swivel_joint.jpg,wireline tool string
wireline_wellhead_adapter_slickline_pressure_control_equipment_1.jpg,wireline wellhead adapter
wireline_wellhead_adapter_slickline_pressure_control_equipment.jpg,wireline wellhead adapter
wireline_wire_spooler_spooling_unit_hydraulic_type.jpg,wireline wire spooler
wireline_wire_spooler_spooling_unit_hydraulic_type_1.jpg,wireline wire spooler
wireline_wire_spooler_spooling_unit_hydraulic_type_3.jpg,wireline wire spooler
wireline_wire_spooler_spooling_unit_hydraulic_type_2.jpg,wireline wire spooler
x_selective_test_tools_sr_wireline_and_slickline_tools.jpg,x selective test
